mean,std,team
0.783747836057686,0.15435129438724568,Croatia
0.7425448730251686,0.1313921121015863,France
